Index,"Post Length","Encryption Start","Encryption End","Encryption Delta","Start Time","End Time","Process Delta"
1,1096,1776912850.9119,1776912850.9122,0.00026798248291016,1776912850.9119,1776912850.9131,0.0011758804321289
2,1128,1776912851.1116,1776912851.1118,0.00019502639770508,1776912851.1116,1776912851.1129,0.0013020038604736
3,1322,1776912851.2913,1776912851.2915,0.00017619132995605,1776912851.2913,1776912851.2929,0.0015859603881836
4,1501,1776912851.4642,1776912851.4645,0.0002739429473877,1776912851.4642,1776912851.4657,0.0015490055084229
5,1090,1776912851.6314,1776912851.6316,0.00018906593322754,1776912851.6314,1776912851.6326,0.0012421607971191
6,1254,1776912851.7782,1776912851.7783,0.00013494491577148,1776912851.7782,1776912851.7793,0.001133918762207
7,1220,1776912851.9243,1776912851.9245,0.00022387504577637,1776912851.9243,1776912851.9259,0.0015900135040283
8,1128,1776912852.0923,1776912852.0924,0.00018906593322754,1776912852.0923,1776912852.0936,0.0013570785522461
9,1353,1776912852.2466,1776912852.2468,0.00015997886657715,1776912852.2466,1776912852.2483,0.0016770362854004
10,1027,1776912852.4018,1776912852.4019,0.00013518333435059,1776912852.4018,1776912852.4028,0.00099515914916992
11,1415,1776912852.5732,1776912852.5733,0.00017595291137695,1776912852.5731,1776912852.5741,0.00091719627380371
12,1315,1776912852.7347,1776912852.7348,0.00016093254089355,1776912852.7347,1776912852.7361,0.0014739036560059
13,1483,1776912852.9281,1776912852.9283,0.00017499923706055,1776912852.9281,1776912852.9294,0.0012881755828857
14,1485,1776912853.158,1776912853.1582,0.0001988410949707,1776912853.158,1776912853.1595,0.0014288425445557
15,1108,1776912853.3651,1776912853.3653,0.00017714500427246,1776912853.3651,1776912853.3664,0.0012750625610352
16,1141,1776912853.5408,1776912853.5409,0.00013899803161621,1776912853.5408,1776912853.542,0.001176118850708
17,1356,1776912853.7182,1776912853.7184,0.00014305114746094,1776912853.7182,1776912853.7195,0.00130295753479
18,1133,1776912853.8988,1776912853.8989,0.00014519691467285,1776912853.8988,1776912853.9001,0.0012881755828857
19,1115,1776912854.1082,1776912854.1084,0.00019001960754395,1776912854.1082,1776912854.1094,0.0012190341949463
20,1209,1776912854.3401,1776912854.3403,0.00019216537475586,1776912854.3401,1776912854.3415,0.0014071464538574
21,1244,1776912854.5891,1776912854.5893,0.00018692016601562,1776912854.5891,1776912854.5903,0.0011570453643799
22,1371,1776912854.7968,1776912854.797,0.00019979476928711,1776912854.7968,1776912854.7979,0.0011210441589355
23,1304,1776912855.0152,1776912855.0156,0.00035214424133301,1776912855.0152,1776912855.017,0.0017919540405273
24,1476,1776912855.1798,1776912855.18,0.00019693374633789,1776912855.1798,1776912855.1811,0.0012590885162354
25,1254,1776912855.3504,1776912855.3507,0.00020718574523926,1776912855.3504,1776912855.3517,0.0012359619140625
26,1081,1776912855.4927,1776912855.4928,0.00013399124145508,1776912855.4927,1776912855.4937,0.00098609924316406
27,1017,1776912855.6864,1776912855.6866,0.00018811225891113,1776912855.6864,1776912855.6876,0.0011849403381348
28,1035,1776912855.8579,1776912855.8581,0.00019407272338867,1776912855.8579,1776912855.8591,0.0011608600616455
29,1452,1776912856.0179,1776912856.0181,0.00016212463378906,1776912856.0179,1776912856.019,0.0010349750518799
30,1105,1776912856.2011,1776912856.2014,0.00026082992553711,1776912856.2011,1776912856.2024,0.0012481212615967
31,1373,1776912856.3886,1776912856.3888,0.00014185905456543,1776912856.3886,1776912856.3897,0.0010600090026855
32,1436,1776912856.5743,1776912856.5745,0.0002140998840332,1776912856.5743,1776912856.5756,0.0012400150299072
33,1467,1776912856.7636,1776912856.7638,0.00018191337585449,1776912856.7636,1776912856.7648,0.0011758804321289
34,1431,1776912856.9905,1776912856.9907,0.00019288063049316,1776912856.9905,1776912856.9917,0.0012719631195068
35,1356,1776912857.1863,1776912857.1865,0.00018501281738281,1776912857.1863,1776912857.1875,0.0012369155883789
36,1025,1776912857.398,1776912857.3982,0.00020003318786621,1776912857.398,1776912857.3992,0.0012118816375732
37,1114,1776912857.6253,1776912857.6255,0.00025510787963867,1776912857.6253,1776912857.6268,0.0015230178833008
38,1104,1776912857.8385,1776912857.8387,0.00022387504577637,1776912857.8385,1776912857.8401,0.0015439987182617
39,1139,1776912858.07,1776912858.0703,0.00025701522827148,1776912858.07,1776912858.0715,0.0014657974243164
40,1311,1776912858.2432,1776912858.2434,0.00021910667419434,1776912858.2432,1776912858.2444,0.0012500286102295
41,1124,1776912858.4301,1776912858.4303,0.00020194053649902,1776912858.4301,1776912858.4313,0.0011570453643799
42,1251,1776912858.5935,1776912858.5936,0.00015592575073242,1776912858.5935,1776912858.5946,0.0011501312255859
43,1108,1776912858.7586,1776912858.7588,0.00019216537475586,1776912858.7586,1776912858.7601,0.0014419555664062
44,1454,1776912858.9244,1776912858.9246,0.00016999244689941,1776912858.9244,1776912858.9256,0.0011708736419678
45,1138,1776912859.1199,1776912859.1201,0.00017905235290527,1776912859.1199,1776912859.121,0.0011060237884521
46,1501,1776912859.3111,1776912859.3114,0.00025510787963867,1776912859.3111,1776912859.3124,0.0013298988342285
47,1248,1776912859.4988,1776912859.4989,0.00016212463378906,1776912859.4988,1776912859.4996,0.00088906288146973
48,1166,1776912859.7,1776912859.7002,0.0001978874206543,1776912859.7,1776912859.7013,0.0012621879577637
49,1117,1776912859.9395,1776912859.9398,0.00023698806762695,1776912859.9395,1776912859.9407,0.0012259483337402
50,1182,1776912860.1725,1776912860.1727,0.00022196769714355,1776912860.1725,1776912860.1737,0.0012271404266357
51,1112,1776912860.3897,1776912860.3899,0.00020503997802734,1776912860.3897,1776912860.3911,0.0013349056243896
52,1168,1776912860.6542,1776912860.6544,0.00024700164794922,1776912860.6542,1776912860.6559,0.0016899108886719
53,1158,1776912860.9173,1776912860.9175,0.0001838207244873,1776912860.9173,1776912860.9185,0.0012321472167969
54,1491,1776912861.1428,1776912861.143,0.00016093254089355,1776912861.1428,1776912861.1444,0.0016040802001953
55,1497,1776912861.3971,1776912861.3973,0.00022721290588379,1776912861.3971,1776912861.3984,0.0012960433959961
56,1109,1776912861.6775,1776912861.6777,0.00020313262939453,1776912861.6775,1776912861.6787,0.0011699199676514
57,1497,1776912861.8609,1776912861.8611,0.00013494491577148,1776912861.8609,1776912861.8623,0.0013749599456787
58,1049,1776912862.0349,1776912862.0351,0.00019097328186035,1776912862.0349,1776912862.0364,0.0014817714691162
59,1155,1776912862.2161,1776912862.2162,0.00015020370483398,1776912862.2161,1776912862.2171,0.0010421276092529
60,1246,1776912862.5038,1776912862.504,0.00019598007202148,1776912862.5038,1776912862.5051,0.0012931823730469
61,1487,1776912862.7113,1776912862.7115,0.00018405914306641,1776912862.7113,1776912862.7124,0.0010919570922852
62,1230,1776912862.9008,1776912862.9009,0.00015115737915039,1776912862.9008,1776912862.902,0.0012149810791016
63,1441,1776912863.1067,1776912863.1068,0.00014805793762207,1776912863.1067,1776912863.1079,0.0012459754943848
64,1208,1776912863.3179,1776912863.3181,0.00015616416931152,1776912863.3179,1776912863.3191,0.0011801719665527
65,1440,1776912863.555,1776912863.5551,0.00014019012451172,1776912863.555,1776912863.5561,0.0010890960693359
66,1101,1776912863.7699,1776912863.7701,0.00016903877258301,1776912863.7699,1776912863.7712,0.0012779235839844
67,1337,1776912864.0173,1776912864.0175,0.00018191337585449,1776912864.0173,1776912864.0185,0.0011351108551025
68,1456,1776912864.2647,1776912864.2649,0.00026607513427734,1776912864.2647,1776912864.266,0.0013689994812012
69,1426,1776912864.5283,1776912864.5285,0.00016212463378906,1776912864.5283,1776912864.5295,0.0012059211730957
70,1090,1776912864.7944,1776912864.7947,0.00023293495178223,1776912864.7944,1776912864.7958,0.0013828277587891
71,1159,1776912865.0647,1776912865.0649,0.00023818016052246,1776912865.0647,1776912865.066,0.0012931823730469
72,1087,1776912865.2712,1776912865.2714,0.00016379356384277,1776912865.2712,1776912865.2725,0.0012669563293457
73,1096,1776912865.4762,1776912865.4764,0.00015521049499512,1776912865.4762,1776912865.4775,0.0013179779052734
74,1502,1776912865.6895,1776912865.6897,0.0002291202545166,1776912865.6895,1776912865.6953,0.0057880878448486
75,1502,1776912865.8913,1776912865.8916,0.00026297569274902,1776912865.8913,1776912865.8925,0.0012619495391846
76,1014,1776912866.0974,1776912866.0975,0.00014090538024902,1776912866.0974,1776912866.0985,0.0010888576507568
77,1320,1776912866.3023,1776912866.3025,0.00016403198242188,1776912866.3023,1776912866.3035,0.0011441707611084
78,1070,1776912866.5404,1776912866.5406,0.00018596649169922,1776912866.5404,1776912866.5416,0.001166820526123
79,1075,1776912866.8039,1776912866.8041,0.00017285346984863,1776912866.8039,1776912866.8052,0.0012309551239014
80,1183,1776912867.0338,1776912867.034,0.0001521110534668,1776912867.0338,1776912867.0353,0.0014450550079346
81,1312,1776912867.2675,1776912867.2677,0.00017094612121582,1776912867.2675,1776912867.2687,0.0012528896331787
82,1221,1776912867.5619,1776912867.5621,0.00017499923706055,1776912867.5619,1776912867.5632,0.0012190341949463
83,1023,1776912867.823,1776912867.8231,0.00016999244689941,1776912867.823,1776912867.8242,0.0012388229370117
84,1085,1776912868.1793,1776912868.1796,0.00023508071899414,1776912868.1793,1776912868.1809,0.0015199184417725
85,1350,1776912868.5283,1776912868.5284,0.00018000602722168,1776912868.5283,1776912868.5293,0.001093864440918
86,1373,1776912868.8223,1776912868.8226,0.00029110908508301,1776912868.8223,1776912868.8241,0.00177001953125
87,1359,1776912869.0766,1776912869.0768,0.00019407272338867,1776912869.0766,1776912869.0781,0.0014879703521729
88,1192,1776912869.3589,1776912869.3591,0.0002138614654541,1776912869.3589,1776912869.3605,0.0016129016876221
89,1211,1776912869.6461,1776912869.6463,0.00019192695617676,1776912869.6461,1776912869.6474,0.0012929439544678
90,1288,1776912869.9054,1776912869.9056,0.00022792816162109,1776912869.9054,1776912869.9066,0.0011899471282959
91,1464,1776912870.1832,1776912870.1835,0.00024700164794922,1776912870.1832,1776912870.1846,0.0013480186462402
92,1091,1776912870.4436,1776912870.4437,0.00013589859008789,1776912870.4436,1776912870.4449,0.0013771057128906
93,1486,1776912870.7096,1776912870.7097,0.0001370906829834,1776912870.7096,1776912870.7108,0.0011601448059082
94,1306,1776912871.0025,1776912871.0027,0.00020194053649902,1776912871.0025,1776912871.0039,0.0014348030090332
95,1037,1776912871.2883,1776912871.2885,0.00020718574523926,1776912871.2883,1776912871.2899,0.0015649795532227
96,1115,1776912871.6155,1776912871.6156,0.00013899803161621,1776912871.6155,1776912871.6168,0.0013489723205566
97,1316,1776912871.9172,1776912871.9173,0.00014519691467285,1776912871.9172,1776912871.9184,0.0011880397796631
98,1104,1776912872.2502,1776912872.2504,0.00014090538024902,1776912872.2502,1776912872.2515,0.0013010501861572
99,1460,1776912872.4644,1776912872.4646,0.0001530647277832,1776912872.4644,1776912872.4655,0.001093864440918
100,1480,1776912872.6853,1776912872.6855,0.00014901161193848,1776912872.6853,1776912872.6864,0.0010480880737305
