Index,"Post Length","Decryption Start","Decryption End","Decryption Delta","Start Time","End Time","Process Delta"
1,270,1776912597.2168,1776912597.2177,0.00085878372192383,1776912597.216,1776912597.2177,0.0017130374908447
2,275,1776912597.4838,1776912597.4839,0.0001518726348877,1776912597.4836,1776912597.4839,0.00032997131347656
3,263,1776912597.7308,1776912597.7312,0.00036287307739258,1776912597.7305,1776912597.7312,0.00063109397888184
4,230,1776912597.9973,1776912597.9974,0.00015902519226074,1776912597.997,1776912597.9974,0.00040602684020996
5,256,1776912598.2596,1776912598.2597,0.00019097328186035,1776912598.2594,1776912598.2597,0.00039291381835938
6,295,1776912598.5099,1776912598.5101,0.00026202201843262,1776912598.5096,1776912598.5101,0.00050592422485352
7,273,1776912598.7426,1776912598.743,0.00038695335388184,1776912598.7424,1776912598.743,0.00065493583679199
8,275,1776912598.9926,1776912598.9928,0.0002131462097168,1776912598.9924,1776912598.9928,0.00046515464782715
9,243,1776912599.255,1776912599.2551,0.00016403198242188,1776912599.2547,1776912599.2551,0.00041103363037109
10,286,1776912599.5059,1776912599.5067,0.00077319145202637,1776912599.5047,1776912599.5067,0.0020601749420166
11,255,1776912599.814,1776912599.8142,0.0001680850982666,1776912599.8138,1776912599.8142,0.00040721893310547
12,256,1776912600.0744,1776912600.0746,0.00016617774963379,1776912600.0742,1776912600.0746,0.00038409233093262
13,249,1776912600.3385,1776912600.3386,0.0001530647277832,1776912600.3383,1776912600.3386,0.00031709671020508
14,260,1776912600.6178,1776912600.618,0.00015807151794434,1776912600.6175,1776912600.618,0.00040912628173828
15,297,1776912600.8831,1776912600.8832,0.00014686584472656,1776912600.8828,1776912600.8832,0.00040817260742188
16,278,1776912601.1435,1776912601.1437,0.00016903877258301,1776912601.1433,1776912601.1437,0.00043296813964844
17,257,1776912601.4375,1776912601.4376,0.00014305114746094,1776912601.4373,1776912601.4376,0.00033092498779297
18,291,1776912601.7166,1776912601.7168,0.00020217895507812,1776912601.7163,1776912601.7168,0.00046014785766602
19,225,1776912601.9802,1776912601.9804,0.00019311904907227,1776912601.98,1776912601.9804,0.00041007995605469
20,268,1776912602.2604,1776912602.2606,0.00016307830810547,1776912602.2602,1776912602.2606,0.00036406517028809
21,221,1776912602.5703,1776912602.5705,0.00019717216491699,1776912602.57,1776912602.5705,0.00045418739318848
22,288,1776912602.8649,1776912602.8651,0.00017499923706055,1776912602.8647,1776912602.8651,0.00042200088500977
23,245,1776912603.1454,1776912603.1456,0.00017094612121582,1776912603.1452,1776912603.1456,0.00034403800964355
24,223,1776912603.44,1776912603.4407,0.0007178783416748,1776912603.4392,1776912603.4407,0.0014619827270508
25,216,1776912603.7486,1776912603.7488,0.00013899803161621,1776912603.7484,1776912603.7488,0.00035500526428223
26,235,1776912604.0448,1776912604.0449,0.00014710426330566,1776912604.0445,1776912604.0449,0.0003659725189209
27,264,1776912604.3189,1776912604.3191,0.00015592575073242,1776912604.3187,1776912604.3191,0.0003960132598877
28,222,1776912604.6011,1776912604.6013,0.00017404556274414,1776912604.6009,1776912604.6013,0.00040292739868164
29,264,1776912604.912,1776912604.9122,0.00017499923706055,1776912604.9118,1776912604.9122,0.00042009353637695
30,212,1776912605.2059,1776912605.2061,0.00017809867858887,1776912605.2057,1776912605.2061,0.00040197372436523
31,234,1776912605.4529,1776912605.4531,0.00019598007202148,1776912605.4526,1776912605.4531,0.00043416023254395
32,249,1776912605.6898,1776912605.69,0.00016498565673828,1776912605.6896,1776912605.69,0.0003359317779541
33,246,1776912605.934,1776912605.9342,0.00017213821411133,1776912605.9338,1776912605.9342,0.00038504600524902
34,279,1776912606.182,1776912606.1821,0.00016903877258301,1776912606.1817,1776912606.1821,0.00042414665222168
35,223,1776912606.446,1776912606.4462,0.00018906593322754,1776912606.4458,1776912606.4462,0.00042915344238281
36,209,1776912606.7076,1776912606.7077,0.00016903877258301,1776912606.7074,1776912606.7077,0.00035810470581055
37,296,1776912606.972,1776912606.9721,0.00016903877258301,1776912606.9717,1776912606.9721,0.00041818618774414
38,214,1776912607.2356,1776912607.2357,0.0001671314239502,1776912607.2353,1776912607.2357,0.00041103363037109
39,268,1776912607.5151,1776912607.5152,0.0001828670501709,1776912607.5148,1776912607.5152,0.0004279613494873
40,228,1776912607.792,1776912607.7921,0.00016617774963379,1776912607.7917,1776912607.7921,0.00038504600524902
41,260,1776912608.057,1776912608.0571,0.00015902519226074,1776912608.0567,1776912608.0571,0.00040006637573242
42,293,1776912608.3191,1776912608.3193,0.00015711784362793,1776912608.3189,1776912608.3193,0.0003659725189209
43,254,1776912608.5954,1776912608.5956,0.00016617774963379,1776912608.5952,1776912608.5956,0.00040602684020996
44,217,1776912608.8631,1776912608.8633,0.00016593933105469,1776912608.8629,1776912608.8633,0.00036001205444336
45,255,1776912609.1425,1776912609.1427,0.00016188621520996,1776912609.1423,1776912609.1427,0.00038695335388184
46,284,1776912609.4229,1776912609.4232,0.00021696090698242,1776912609.4228,1776912609.4232,0.00038814544677734
47,239,1776912609.732,1776912609.7328,0.0008690357208252,1776912609.731,1776912609.7328,0.0018539428710938
48,247,1776912610.0714,1776912610.0721,0.00073409080505371,1776912610.0706,1776912610.0721,0.0015628337860107
49,293,1776912610.4259,1776912610.4261,0.00018191337585449,1776912610.4257,1776912610.4261,0.0004119873046875
50,291,1776912610.722,1776912610.7222,0.00015687942504883,1776912610.7218,1776912610.7222,0.00036787986755371
51,216,1776912611.0441,1776912611.0443,0.00018215179443359,1776912611.0438,1776912611.0443,0.00042009353637695
52,250,1776912611.3686,1776912611.3688,0.00016283988952637,1776912611.3684,1776912611.3688,0.0003969669342041
53,260,1776912611.6823,1776912611.6825,0.00015687942504883,1776912611.6821,1776912611.6825,0.00038504600524902
54,278,1776912611.9389,1776912611.9391,0.00017380714416504,1776912611.9387,1776912611.9391,0.00042295455932617
55,262,1776912612.2068,1776912612.207,0.00017094612121582,1776912612.2066,1776912612.207,0.00036191940307617
56,250,1776912612.4972,1776912612.4974,0.00016403198242188,1776912612.497,1776912612.4974,0.0003669261932373
57,242,1776912612.7619,1776912612.7621,0.00017285346984863,1776912612.7617,1776912612.7621,0.00041985511779785
58,233,1776912613.0302,1776912613.0304,0.00018095970153809,1776912613.03,1776912613.0304,0.00039982795715332
59,250,1776912613.3077,1776912613.3079,0.00020694732666016,1776912613.3075,1776912613.3079,0.00044083595275879
60,281,1776912613.5878,1776912613.588,0.00018095970153809,1776912613.5876,1776912613.588,0.00037598609924316
61,266,1776912613.8664,1776912613.8665,0.00016593933105469,1776912613.8661,1776912613.8665,0.00042080879211426
62,239,1776912614.1618,1776912614.162,0.00018215179443359,1776912614.1616,1776912614.162,0.00043606758117676
63,276,1776912614.4537,1776912614.4539,0.00017189979553223,1776912614.4535,1776912614.4539,0.0003960132598877
64,231,1776912614.7612,1776912614.7613,0.00016617774963379,1776912614.761,1776912614.7613,0.00037002563476562
65,297,1776912615.0711,1776912615.0713,0.00020098686218262,1776912615.0709,1776912615.0713,0.00042986869812012
66,290,1776912615.3975,1776912615.3977,0.00018405914306641,1776912615.3973,1776912615.3977,0.00046300888061523
67,240,1776912615.7222,1776912615.7223,0.00016403198242188,1776912615.7219,1776912615.7223,0.00041508674621582
68,264,1776912616.051,1776912616.0512,0.00021505355834961,1776912616.0507,1776912616.0512,0.00051188468933105
69,268,1776912616.3607,1776912616.3609,0.00016307830810547,1776912616.3605,1776912616.3609,0.00035810470581055
70,212,1776912616.7007,1776912616.7008,0.00016117095947266,1776912616.7004,1776912616.7008,0.00040698051452637
71,214,1776912617.0269,1776912617.0272,0.00024080276489258,1776912617.0267,1776912617.0272,0.00041580200195312
72,290,1776912617.2921,1776912617.2922,0.00013303756713867,1776912617.2919,1776912617.2922,0.00036311149597168
73,251,1776912617.5697,1776912617.5698,0.00016593933105469,1776912617.5694,1776912617.5698,0.00041007995605469
74,283,1776912617.8496,1776912617.8498,0.00018882751464844,1776912617.8493,1776912617.8498,0.0004417896270752
75,300,1776912618.1159,1776912618.116,0.0001671314239502,1776912618.1156,1776912618.116,0.00041508674621582
76,227,1776912618.4109,1776912618.4111,0.00016403198242188,1776912618.4107,1776912618.4111,0.00037002563476562
77,233,1776912618.6912,1776912618.6913,0.00015497207641602,1776912618.691,1776912618.6913,0.00035691261291504
78,299,1776912618.9977,1776912618.9979,0.00018811225891113,1776912618.9975,1776912618.9979,0.00044798851013184
79,202,1776912619.2924,1776912619.2926,0.00014209747314453,1776912619.2922,1776912619.2926,0.00032901763916016
80,264,1776912619.6186,1776912619.6194,0.00071907043457031,1776912619.6179,1776912619.6194,0.0014920234680176
81,227,1776912619.9596,1776912619.9598,0.00016212463378906,1776912619.9594,1776912619.9598,0.00041508674621582
82,299,1776912620.2993,1776912620.2994,0.00016307830810547,1776912620.299,1776912620.2994,0.00040411949157715
83,270,1776912620.6109,1776912620.611,0.00014996528625488,1776912620.6106,1776912620.611,0.00038003921508789
84,240,1776912620.951,1776912620.9511,0.00016188621520996,1776912620.9507,1776912620.9511,0.00039792060852051
85,268,1776912621.2928,1776912621.293,0.00017285346984863,1776912621.2926,1776912621.293,0.00040984153747559
86,300,1776912621.6528,1776912621.653,0.00016903877258301,1776912621.6526,1776912621.653,0.00040602684020996
87,281,1776912622.0087,1776912622.0089,0.00019598007202148,1776912622.0084,1776912622.0089,0.00043916702270508
88,242,1776912622.3022,1776912622.3025,0.00024294853210449,1776912622.302,1776912622.3025,0.00047588348388672
89,280,1776912622.7041,1776912622.7043,0.0001680850982666,1776912622.7039,1776912622.7043,0.00037693977355957
90,284,1776912622.9992,1776912622.9993,0.00016593933105469,1776912622.9989,1776912622.9993,0.00040411949157715
91,261,1776912623.2958,1776912623.2961,0.0002138614654541,1776912623.2956,1776912623.2961,0.00045990943908691
92,299,1776912623.593,1776912623.5932,0.00015902519226074,1776912623.5928,1776912623.5932,0.00036811828613281
93,248,1776912623.9028,1776912623.9033,0.00052499771118164,1776912623.9022,1776912623.9033,0.0011279582977295
94,202,1776912624.2322,1776912624.233,0.00081586837768555,1776912624.2314,1776912624.233,0.001615047454834
95,228,1776912624.5756,1776912624.5757,0.0001528263092041,1776912624.5754,1776912624.5757,0.00035691261291504
96,283,1776912624.8961,1776912624.8963,0.00014209747314453,1776912624.8959,1776912624.8963,0.00033688545227051
97,300,1776912625.2278,1776912625.228,0.0001680850982666,1776912625.2276,1776912625.228,0.00036787986755371
98,280,1776912625.581,1776912625.5818,0.00086617469787598,1776912625.5801,1776912625.5818,0.0016870498657227
99,231,1776912625.9655,1776912625.9657,0.00017404556274414,1776912625.9652,1776912625.9657,0.00043797492980957
100,230,1776912626.3083,1776912626.3084,0.00016188621520996,1776912626.308,1776912626.3084,0.00040102005004883
